ticker,date,open,high,low,close,volume,ex-dividend,split_ratio,adj_open,adj_high,adj_low,adj_close,adj_volume
ABBV,1/2/2015,65.62,66.4,65.49,65.89,5087291,0,1,59.86518774,60.57678247,59.74658862,60.11150899,5087291
ABBV,1/5/2015,65.5,66.1,63.88,64.65,8007433,0,1,59.75571163,60.30309219,58.2777841,58.98025583,8007433
ABBV,1/6/2015,65.62,65.75,63.7,64.33,5488071,0,1,59.86518774,59.98378686,58.11356993,58.68831952,5488071
ABBV,1/7/2015,64.57,67.05,64.48,66.93,8283083,0,1,58.90727175,61.16977808,58.82516467,61.06030197,8283083
ABBV,1/8/2015,68.16,68.29,67.42,67.63,7945920,0,1,62.18243213,62.30103125,61.50732943,61.69891263,7945920
ABBV,1/9/2015,66.69,67.2,65.11,65.78,8758893,0,1,60.84134975,61.30662323,59.39991426,60.01115589,8758893
ABBV,1/12/2015,66.34,66.928,65.3104,65.76,6159740,0,1,60.52204442,61.05847737,59.58273937,59.99290987,6159740
ABBV,1/13/2015,65.72,66.07,62.91,63.39,13909291,0.49,1,60.4198765,60.74165003,57.83649468,58.2777841,13909291
ABBV,1/14/2015,62.62,64.07,61.86,63.7,9448317,0,1,57.56988232,58.90294411,56.87117407,58.56278352,9448317
ABBV,1/15/2015,64,64.11,62.87,62.89,6149083,0,1,58.83858941,58.93971823,57.79972056,57.81810762,6149083
ABBV,1/16/2015,62.95,64.62,62.64,64.54,8106002,0,1,57.8732688,59.40858824,57.58826938,59.33504,8106002
ABBV,1/20/2015,65.06,65.29,62.75,63.45,9064795,0,1,59.81310354,60.02455472,57.68939821,58.33294528,9064795
ABBV,1/21/2015,63.1,63.45,62.28,62.7,7979249,0,1,58.01117174,58.33294528,57.25730232,57.64343056,7979249
ABBV,1/22/2015,63.2,63.45,61.88,62.98,8941629,0,1,58.10310704,58.33294528,56.88956113,57.90084939,8941629
ABBV,1/23/2015,63.66,63.66,62.35,62.43,6880963,0,1,58.5260094,58.5260094,57.32165702,57.39520526,6880963
ABBV,1/26/2015,62.26,63.04,61.68,62.83,8181088,0,1,57.23891526,57.95601057,56.70569054,57.76294644,8181088
ABBV,1/27/2015,62.33,63.5,62.2,63.1,6532303,0,1,57.30326996,58.37891293,57.18375408,58.01117174,6532303
ABBV,1/28/2015,63.44,63.56,61.69,61.85,6909406,0,1,58.32375175,58.4340741,56.71488407,56.86198054,6909406
ABBV,1/29/2015,62.12,63.38,61.59,63.12,8481477,0,1,57.11020584,58.26859057,56.62294877,58.0295588,8481477
ABBV,1/30/2015,62.09,62.68,60.12,60.35,17582302,0,1,57.08262525,57.6250435,55.27149992,55.4829511,17582302
ABBV,2/2/2015,61.49,61.49,58.65,60.7,11489771,0,1,56.53101348,56.53101348,53.92005107,55.80472464,11489771
ABBV,2/3/2015,61.6,61.76,59.98,61.65,10721752,0,1,56.6321423,56.77923878,55.14279051,56.67810995,10721752
ABBV,2/4/2015,58.95,58.95,56.65,56.91,31249154,0,1,54.19585696,54.19585696,52.08134515,52.32037692,31249154
ABBV,2/5/2015,57.545,58.26,56.15,57.99,18964493,0,1,52.90416605,53.56150342,51.62166867,53.31327812,18964493
ABBV,2/6/2015,57.71,57.83,56.69,56.9,13890796,0,1,53.05585929,53.16618165,52.11811927,52.31118339,13890796
ABBV,2/9/2015,55.67,56.35,55.18,55.48,22521928,0,1,51.18037925,51.80553927,50.7298963,51.00570219,22521928
ABBV,2/10/2015,55.93,57.005,55.6,56.89,18916988,0,1,51.41941102,52.40771546,51.11602455,52.30198986,18916988
ABBV,2/11/2015,57.36,57.83,56.26,56.69,14681352,0,1,52.73408576,53.16618165,51.7227975,52.11811927,14681352
ABBV,2/12/2015,57.4,57.58,56.16,57.05,11940929,0,1,52.77085987,52.93634341,51.6308622,52.44908634,11940929
ABBV,2/13/2015,57.35,58.1,56.9,58.05,11303213,0,1,52.72489223,53.41440695,52.31118339,53.3684393,11303213
ABBV,2/17/2015,58.95,59,57.9,58.72,12789265,0,1,54.19585696,54.24182461,53.23053635,53.98440578,12789265
ABBV,2/18/2015,59.15,59.48,58.305,59.24,10781655,0,1,54.37972755,54.68311403,53.6028743,54.46246932,10781655
ABBV,2/19/2015,58.92,59.08,58.65,59,8665548,0,1,54.16827637,54.31537285,53.92005107,54.24182461,8665548
ABBV,2/20/2015,59.61,61.34,59.22,61.3,15533376,0,1,54.80262991,56.39311053,54.44408226,56.35633642,15533376
ABBV,2/23/2015,61.54,61.9,60.24,60.57,11582656,0,1,56.57698113,56.90794819,55.38182228,55.68520876,11582656
ABBV,2/24/2015,60.85,61.3,60.52,60.87,7900656,0,1,55.94262758,56.35633642,55.63924111,55.96101464,7900656
ABBV,2/25/2015,61.1,61.1,60.21,60.62,9983859,0,1,56.17246582,56.17246582,55.35424169,55.7311764,9983859
ABBV,2/26/2015,60.35,60.81,60.27,60.52,7327885,0,1,55.4829511,55.90585347,55.40940287,55.63924111,7327885
ABBV,2/27/2015,60.53,60.99,60.37,60.5,8649052,0,1,55.64843464,56.071337,55.50133816,55.62085405,8649052
ABBV,3/2/2015,60.3,60.75,60.06,60.46,6150774,0,1,55.43698346,55.85069229,55.21633875,55.58407993,6150774
ABBV,3/3/2015,60.35,60.45,59.4371,59.62,7388032,0,1,55.4829511,55.5748864,54.64367379,54.81182344,7388032
ABBV,3/4/2015,59.32,60.42,59.03,60.27,8535895,0,1,54.53601756,55.54730581,54.2694052,55.40940287,8535895
ABBV,3/5/2015,57.21,59.48,56.649,56.86,47051781,0,1,52.59618281,54.68311403,52.0804258,52.27440928,47051781
ABBV,3/6/2015,56.95,57.4,55.44,55.64,22852963,0,1,52.35715104,52.77085987,50.96892807,51.15279867,22852963
ABBV,3/9/2015,55.93,56.03,55.26,55.54,14779867,0,1,51.41941102,51.51134632,50.80344454,51.06086337,14779867
ABBV,3/10/2015,55.22,56.3,54.78,55.84,17907725,0,1,50.76667042,51.75957162,50.36215512,51.33666926,17907725
ABBV,3/11/2015,56.19,56.8772,55.6628,56.62,14628990,0,1,51.65844279,52.29022215,51.17375991,52.05376457,14628990
ABBV,3/12/2015,56.78,58.905,56.65,58,18227835,0,1,52.20086104,54.15448608,52.08134515,53.32247165,18227835
ABBV,3/13/2015,58.12,58.87,57.345,58,10114502,0,1,53.43279401,54.12230872,52.72029546,53.32247165,10114502
ABBV,3/16/2015,58.46,59.7,58.33,59.12,12098670,0,1,53.74537401,54.88537168,53.62585813,54.35214696,12098670
ABBV,3/17/2015,58.72,60.18,58.7,59.73,10983450,0,1,53.98440578,55.3266611,53.96601872,54.91295227,10983450
ABBV,3/18/2015,59.76,60.42,59.25,59.89,11889103,0,1,54.94053286,55.54730581,54.47166285,55.06004874,11889103
ABBV,3/19/2015,60.09,61.4762,59.99,61.19,14110366,0,1,55.24391934,56.51832641,55.15198404,56.25520759,14110366
ABBV,3/20/2015,61.5,61.73,60.32,60.4,13313128,0,1,56.54020701,56.75165819,55.45537052,55.52891875,13313128
ABBV,3/23/2015,60.05,61.19,59.62,60.48,7926391,0,1,55.20714522,56.25520759,54.81182344,55.60246699,7926391
ABBV,3/24/2015,60.65,60.82,59.45,59.63,7969786,0,1,55.75875699,55.915047,54.65553344,54.82101697,7969786
ABBV,3/25/2015,60.08,60.09,58.21,58.22,11619133,0,1,55.23472581,55.24391934,53.51553577,53.5247293,11619133
ABBV,3/26/2015,57.98,58.09,57.22,57.27,10853808,0,1,53.30408459,53.40521342,52.60537634,52.65134399,10853808
ABBV,3/27/2015,57.63,58.05,57.31,57.65,6829781,0,1,52.98231105,53.3684393,52.68811811,53.00069811,6829781
ABBV,3/30/2015,57.93,58.34,57.79,58.24,5781559,0,1,53.25811694,53.63505166,53.12940753,53.54311636,5781559
ABBV,3/31/2015,58.01,58.81,57.71,58.54,12313641,0,1,53.33166518,54.06714755,53.05585929,53.81892225,12313641
ABBV,4/1/2015,58.48,58.49,56.33,57.1,14903269,0,1,53.76376107,53.7729546,51.78715221,52.49505399,14903269
ABBV,4/2/2015,57.44,57.81,56.9,57.01,8787023,0,1,52.80763399,53.14779459,52.31118339,52.41231222,8787023
ABBV,4/6/2015,56.81,57.89,56.68,57.61,10280058,0,1,52.22844163,53.22134282,52.10892574,52.963924,10280058
ABBV,4/7/2015,58.25,58.75,57.785,58.42,10171455,0,1,53.55230989,54.01198637,53.12481076,53.70859989,10171455
ABBV,4/8/2015,58.5,58.98,57.95,58.81,11075839,0,1,53.78214813,54.22343755,53.276504,54.06714755,11075839
ABBV,4/9/2015,59.2,60.43,59.05,60.32,12697994,0,1,54.4256952,55.55649934,54.28779226,55.45537052,12697994
ABBV,4/10/2015,60.5,62.33,60.32,62,17894054,0,1,55.62085405,57.30326996,55.45537052,56.99988349,17894054
ABBV,4/13/2015,61.81,62.16,61.06,61.2,11400898,0.51,1,57.29874981,57.62320479,56.60348914,56.73327113,11400898
ABBV,4/14/2015,61.4,61.81,60.51,61.72,13071393,0,1,56.91867398,57.29874981,56.09363131,57.21531853,13071393
ABBV,4/15/2015,62.1,62.7,61.97,62.03,11534244,0,1,57.56758394,58.12379248,57.44707209,57.50269294,11534244
ABBV,4/16/2015,61.8,62.91,61.65,62.59,9815626,0,1,57.28947967,58.31846547,57.15042754,58.02182092,9815626
ABBV,4/17/2015,62.12,62.79,61.87,62.29,9905475,0,1,57.58612423,58.20722376,57.35437067,57.74371664,9905475
ABBV,4/20/2015,62.91,64,62.8,63.54,12779184,0,1,58.31846547,59.32891099,58.2164939,58.90248444,12779184
ABBV,4/21/2015,63.89,64.24,63.27,63.61,8457272,0,1,59.22693942,59.5513944,58.65219059,58.96737543,8457272
ABBV,4/22/2015,63.6,64.73,63.5605,64.52,13872497,0,1,58.95810529,60.00563138,58.92148823,59.81095839,13872497
ABBV,4/23/2015,65.26,65.31,62.73,64.25,18405130,0,1,60.49694892,60.54329963,58.15160291,59.56066454,18405130
ABBV,4/24/2015,64.31,66.37,64.14,66.07,14859514,0,1,59.6162854,61.52593472,59.45869298,61.24783045,14859514
ABBV,4/27/2015,66.02,66.66,64.86,65.02,18141505,0,1,61.20147974,61.79476885,60.12614323,60.2744655,18141505
ABBV,4/28/2015,64.6,66.49,64.2,66.49,13084546,0,1,59.88511953,61.63717643,59.51431383,61.63717643,13084546
ABBV,4/29/2015,65.7,66.18,65.51,65.63,9864252,0,1,60.90483518,61.34980202,60.72870248,60.83994419,9864252
ABBV,4/30/2015,65.39,65.92,64.32,64.66,10298594,0,1,60.61746077,61.10877831,59.62555554,59.94074038,10298594
ABBV,5/1/2015,65.09,65.5,63.88,64.32,9870805,0,1,60.3393565,60.71943234,59.21766928,59.62555554,9870805
ABBV,5/4/2015,64.32,65.4375,64.01,64.68,8493439,0,1,59.62555554,60.66149395,59.33818113,59.95928066,8493439
ABBV,5/5/2015,64.2,64.9,63.78,63.86,7635922,0,1,59.51431383,60.1632238,59.12496785,59.19912899,7635922
ABBV,5/6/2015,64.11,64.529,63.4,63.94,8476305,0,1,59.43088255,59.81930152,58.77270244,59.27329013,8476305
ABBV,5/7/2015,63.59,64.81,63.59,64.7,8638220,0,1,58.94883515,60.07979251,58.94883515,59.97782095,8638220
ABBV,5/8/2015,65.1,65.8,64.9,65.24,7541105,0,1,60.34862664,60.99753661,60.1632238,60.47840864,7541105
ABBV,5/11/2015,65.19,65.8,65.08,65.2,7978734,0,1,60.43205792,60.99753661,60.33008636,60.44132807,7978734
ABBV,5/12/2015,64.75,65.27,64.59,64.81,5926876,0,1,60.02417166,60.50621906,59.87584938,60.07979251,5926876
ABBV,5/13/2015,64.98,65.32,64.63,65.3,8519240,0,1,60.23738493,60.55256977,59.91292995,60.53402949,8519240
ABBV,5/14/2015,65.86,66.27,64.94,65.97,5868887,0,1,61.05315746,61.4332333,60.20030437,61.15512903,5868887
ABBV,5/15/2015,65.93,66.52,65.91,65.99,6786394,0,1,61.11804846,61.66498686,61.09950817,61.17366931,6786394
ABBV,5/18/2015,65.79,65.91,65.14,65.61,7858040,0,1,60.98826646,61.09950817,60.38570721,60.8214039,7858040
ABBV,5/19/2015,65.71,66.12,65.4,65.73,7674605,0,1,60.91410533,61.29418116,60.62673091,60.93264561,7674605
ABBV,5/20/2015,65.92,66.2,65.39,65.89,9955983,0,1,61.10877831,61.3683423,60.61746077,61.08096789,9955983
ABBV,5/21/2015,65.45,65.805,64.87,65.65,10553421,0,1,60.67308162,61.00217168,60.13541337,60.85848447,10553421
ABBV,5/22/2015,65.48,65.87,65.31,65.48,14041469,0,1,60.70089205,61.0624276,60.54329963,60.70089205,14041469
ABBV,5/26/2015,65.72,67,65.66,66.1,21033826,0,1,60.92337547,62.10995369,60.86775461,61.27564088,21033826
ABBV,5/27/2015,66.75,67.99,66.57,67.38,40778841,0,1,61.87820013,63.02769778,61.71133757,62.4622191,40778841
ABBV,5/28/2015,67.42,67.53,66.63,67.47,12891458,0,1,62.49929967,62.60127123,61.76695842,62.54565038,12891458
ABBV,5/29/2015,67.22,67.515,66.39,66.59,9450784,0,1,62.31389682,62.58736602,61.544475,61.72987785,9450784
ABBV,6/1/2015,66.8,67.26,66.26,66.93,12427034,0,1,61.92455084,62.35097739,61.42396315,62.04506269,12427034
ABBV,6/2/2015,66.7,67.23,66.33,66.62,11133752,0,1,61.83184942,62.32316696,61.48885415,61.75768828,11133752
ABBV,6/3/2015,66.9,67.3,66.62,67.01,20804007,0,1,62.01725226,62.38805796,61.75768828,62.11922383,20804007
ABBV,6/4/2015,66.55,67.87,66.52,67.42,10539019,0,1,61.69279728,62.91645607,61.66498686,62.49929967,10539019
ABBV,6/5/2015,66.98,67.755,66.62,67.4,8908863,0,1,62.0914134,62.80984943,61.75768828,62.48075938,8908863
ABBV,6/8/2015,67.86,68.2,67.53,67.79,10276716,0,1,62.90718593,63.22237077,62.60127123,62.84229493,10276716
ABBV,6/9/2015,67.52,68.08,67.51,67.67,8132783,0,1,62.59200109,63.11112906,62.58273095,62.73105322,8132783
ABBV,6/10/2015,67.66,68.44,67.54,68.24,7349344,0,1,62.72178308,63.44485418,62.61054137,63.25945134,7349344
ABBV,6/11/2015,68.67,68.67,67.65,68.04,7552238,0,1,63.65806746,63.65806746,62.71251294,63.07404849,7552238
ABBV,6/12/2015,67.89,67.93,66.59,67.05,8249850,0,1,62.93499636,62.97207693,61.72987785,62.1563044,8249850
ABBV,6/15/2015,66.66,67.05,66.1,66.91,7028434,0,1,61.79476885,62.1563044,61.27564088,62.02652241,7028434
ABBV,6/16/2015,66.72,67.4,66.62,66.77,5201034,0,1,61.8503897,62.48075938,61.75768828,61.89674041,5201034
ABBV,6/17/2015,66.97,67.99,66.88,67.77,7377100,0,1,62.08214326,63.02769778,61.99871198,62.82375465,7377100
ABBV,6/18/2015,67.79,69.07,67.79,68.98,9078824,0,1,62.84229493,64.02887315,62.84229493,63.94544187,9078824
ABBV,6/19/2015,68.5,69.75,68.5,69.48,9960684,0,1,63.50047504,64.65924283,63.50047504,64.40894899,9960684
ABBV,6/22/2015,69.85,70.6,69.73,70.12,9907831,0,1,64.75194426,65.44720493,64.64070255,65.0022381,9907831
ABBV,6/23/2015,70.01,70.49,69.565,70.02,8720018,0,1,64.90026653,65.34523336,64.4877452,64.90953667,8720018
ABBV,6/24/2015,70.52,70.75,69.03,69.22,9308199,0,1,65.37304379,65.58625707,63.99179258,64.16792529,9308199
ABBV,6/25/2015,69.67,70.38,69.29,69.82,6191194,0,1,64.58508169,65.2432618,64.23281628,64.72413383,6191194
ABBV,6/26/2015,69.95,70.6,69.68,70.46,9669293,0,1,64.84464568,65.44720493,64.59435184,65.31742294,9669293
ABBV,6/29/2015,69.27,70.02,67.08,67.18,12057061,0,1,64.214276,64.90953667,62.18411483,62.27681625,12057061
ABBV,6/30/2015,68,68.22,66.66,67.19,11625858,0,1,63.03696792,63.24091105,61.79476885,62.28608639,11625858
ABBV,7/1/2015,67.9,68.6,67.68,68.51,7694912,0,1,62.9442665,63.59317646,62.74032337,63.50974518,7694912
ABBV,7/2/2015,68.68,68.9,67.79,68.21,6245709,0,1,63.6673376,63.87128073,62.84229493,63.23164091,6245709
ABBV,7/6/2015,67.53,69.001,67.49,68.22,17029081,0,1,62.60127123,63.96490917,62.56419066,63.24091105,17029081
ABBV,7/7/2015,68.42,68.79,67.32,68.56,7821618,0,1,63.4263139,63.76930917,62.40659824,63.55609589,7821618
ABBV,7/8/2015,67.79,68.44,67.58,67.66,5027199,0,1,62.84229493,63.44485418,62.64762194,62.72178308,5027199
ABBV,7/9/2015,68.48,68.92,67.8,67.97,6516775,0,1,63.48193475,63.88982102,62.85156508,63.00915749,6516775
ABBV,7/10/2015,68.94,69.5,68.53,69.23,6891365,0,1,63.9083613,64.42748927,63.52828547,64.17719543,6891365
ABBV,7/13/2015,69.42,69.7,69.17,69.57,5507019,0.51,1,64.82508604,65.08655282,64.59163355,64.96515753,5507019
ABBV,7/14/2015,69.71,70.52,69.4,69.8,6628119,0,1,65.09589092,65.85227697,64.80640984,65.17993382,6628119
ABBV,7/15/2015,69.81,70.04,69.31,69.75,16761434,0,1,65.18927191,65.4040482,64.72236694,65.13324332,16761434
ABBV,7/16/2015,70.14,70.3,69.83,69.99,6844740,0,1,65.49742919,65.64683879,65.20794811,65.3573577,6844740
ABBV,7/17/2015,69.99,70.125,69.7,69.99,6141226,0,1,65.3573577,65.48342205,65.08655282,65.3573577,6141226
ABBV,7/20/2015,70,71.11,69.86,70.8,9633007,0,1,65.3666958,66.40322484,65.23596241,66.11374376,9633007
ABBV,7/21/2015,70.81,71.6,70.22,70.54,5027443,0,1,66.12308185,66.86079171,65.57213399,65.87095317,5027443
ABBV,7/22/2015,70.26,70.65,70.03,70.56,5702116,0,1,65.60948639,65.97367226,65.3947101,65.88962937,5702116
ABBV,7/23/2015,70.25,70.93,70.135,70.52,5636576,0,1,65.60014829,66.23513905,65.49276014,65.85227697,5636576
ABBV,7/24/2015,67.53,69.015,67.35,68.08,13494900,0,1,63.06018525,64.44689301,62.89209946,63.57378072,13494900
ABBV,7/27/2015,68.46,70.96,68.46,69.34,12841481,0,1,63.9286285,66.26315335,63.9286285,64.75038124,12841481
ABBV,7/28/2015,69.5,71.44,69.08,71.23,10098080,0,1,64.89979083,66.71138212,64.50759066,66.51528203,10098080
ABBV,7/29/2015,71.29,71.51,70.74,70.77,6793252,0,1,66.57131063,66.77674881,66.05771516,66.08572946,6793252
ABBV,7/30/2015,70.86,70.88,69.27,70.16,6820441,0,1,66.16977235,66.18844855,64.68501455,65.51610539,6820441
ABBV,7/31/2015,70.38,70.38,69.73,70.01,6181288,0,1,65.72154358,65.72154358,65.11456712,65.3760339,6181288
ABBV,8/3/2015,70.19,70.79,69.275,69.73,9872039,0,1,65.54411969,66.10440566,64.6896836,65.11456712,9872039
ABBV,8/4/2015,70.04,70.39,69.674,69.95,5410932,0,1,65.4040482,65.73088168,65.06227376,65.32000531,5410932
ABBV,8/5/2015,70.1,70.64,70.05,70.3,10048179,0,1,65.4600768,65.96433416,65.4133863,65.64683879,10048179
ABBV,8/6/2015,70.37,70.78,68.8,69.24,6172233,0,1,65.71220548,66.09506756,64.24612388,64.65700025,6172233
ABBV,8/7/2015,69.08,69.3,67.77,68.62,6214464,0,1,64.50759066,64.71302885,63.28429964,64.07803809,6214464
ABBV,8/10/2015,68.92,69.43,68.5003,69.21,8189425,0,1,64.35818107,64.83442414,63.96626104,64.62898595,8189425
ABBV,8/11/2015,68.5,69.29,67.94,68.25,7473179,0,1,63.96598089,64.70369075,63.44304733,63.73252841,7473179
ABBV,8/12/2015,67.83,68.92,67.24,68.75,8575110,0,1,63.34032823,64.35818107,62.78938037,64.19943338,8575110
ABBV,8/13/2015,68.68,69.09,68.21,68.54,7168834,0,1,64.13406668,64.51692876,63.69517601,64.00333329,7168834
ABBV,8/14/2015,68.56,69.44,68.4103,68.65,5864797,0,1,64.02200949,64.84376224,63.88221814,64.10605238,5864797
ABBV,8/17/2015,68.71,69.82,68.3001,69.37,17669881,0,1,64.16208098,65.19861001,63.77931229,64.77839554,17669881
ABBV,8/18/2015,69.42,69.74,68.67,68.86,6376384,0,1,64.82508604,65.12390522,64.12472858,64.30215247,6376384
ABBV,8/19/2015,68.75,69.0798,68.21,68.59,6270239,0,1,64.19943338,64.5074039,63.69517601,64.05002379,6270239
ABBV,8/20/2015,68,68.43,67.48,67.48,9600934,0,1,63.49907592,63.9006142,63.01349475,63.01349475,9600934
ABBV,8/21/2015,66.74,67.16,65.83,65.9,16276961,0,1,62.3224754,62.71467557,61.47270835,61.53807505,16276961
ABBV,8/24/2015,61.17,64.85,53.87,63.45,24292518,0,1,57.12115403,60.55757461,50.30434147,59.2502407,24292518
ABBV,8/25/2015,65.11,65.12,60.65,60.71,15264862,0,1,60.8003652,60.8097033,56.63557286,56.69160146,15264862
ABBV,8/26/2015,62.47,63.22,60.88,63.14,15276426,0,1,58.33510695,59.03546441,56.85034915,58.96075961,15276426
ABBV,8/27/2015,64,64.6,63,64.51,12591626,0,1,59.76383616,60.32412213,58.83002622,60.24007923,12591626
ABBV,8/28/2015,64.45,64.78,63.44,63.98,7316211,0,1,60.18405064,60.49220792,59.2409026,59.74515996,7316211
ABBV,8/31/2015,64.17,64.31,62.2545,62.41,15580921,0,1,59.92258385,60.05331724,58.13387091,58.27907836,15580921
ABBV,9/1/2015,61.33,61.63,60.16,60.5,12703178,0,1,57.27056362,57.5507066,56.17800599,56.49550137,12703178
ABBV,9/2/2015,61.18,61.6,60.28,60.98,12044504,0,1,57.13049213,57.52269231,56.29006319,56.94373014,12044504
ABBV,9/3/2015,61.45,62.28,61.35,61.58,11777372,0,1,57.38262082,58.15768307,57.28923982,57.50401611,11777372
ABBV,9/4/2015,60.65,60.8,58.9638,59.77,9281556,0,1,56.63557286,56.77564435,55.06098254,55.81382012,9281556
ABBV,9/8/2015,60.22,60.94,59.91,60.57,9263153,0,1,56.23403459,56.90637775,55.94455351,56.56086807,9263153
ABBV,9/9/2015,61.52,61.52,59.11,59.26,8436873,0,1,57.44798751,57.44798751,55.19750556,55.33757705,8436873
ABBV,9/10/2015,59.36,60.13,58.89,59.58,9306601,0,1,55.43095804,56.14999169,54.99206737,55.63639623,9306601
ABBV,9/11/2015,59.62,59.76,58.97,59.35,9365126,0,1,55.67374863,55.80448202,55.06677216,55.42161994,9365126
ABBV,9/14/2015,59.43,59.62,57.54,58.94,9095647,0,1,55.49632474,55.67374863,53.73142395,55.03875787,9095647
ABBV,9/15/2015,58.98,59.44,58.37,59.2,10474719,0,1,55.07611026,55.50566284,54.5064862,55.28154845,10474719
ABBV,9/16/2015,59.5,59.64,58.625,59.51,8044172,0,1,55.56169143,55.69242482,54.74460774,55.57102953,8044172
ABBV,9/17/2015,59.56,60.92,59.39,59.86,10281713,0,1,55.61772003,56.88770155,55.45897234,55.89786301,10281713
ABBV,9/18/2015,59.42,61.83,58.97,61.22,28957042,0,1,55.48698664,57.73746859,55.06677216,57.16784453,28957042
ABBV,9/21/2015,61.24,61.74,59.285,59.39,11036805,0,1,57.18652073,57.6534257,55.3609223,55.45897234,11036805
ABBV,9/22/2015,58.17,58.26,56.91,57.74,14191808,0,1,54.31972421,54.40376711,53.14312369,53.91818594,14191808
ABBV,9/23/2015,57.9,58.4,57.15,57.43,9827049,0,1,54.06759553,54.5345005,53.36723807,53.62870486,9827049
ABBV,9/24/2015,56.93,57.48,55.92,56.57,8625466,0,1,53.16179989,53.67539535,52.21865185,52.82562831,8625466
ABBV,9/25/2015,57.84,57.88,55.08,55.74,8673385,0,1,54.01156693,54.04891933,51.4342515,52.05056606,8673385
ABBV,9/28/2015,55.39,55.43,52.3401,52.5,15000639,0,1,51.72373258,51.76108498,48.87570564,49.02502185,15000639
ABBV,9/29/2015,53.1,54.19,51.88,52.79,12842820,0,1,49.58530782,50.60316065,48.44605969,49.29582673,12842820
ABBV,9/30/2015,53.54,54.5,53.36,54.41,11777177,0,1,49.99618419,50.89264173,49.8280984,50.80859884,11777177
ABBV,10/1/2015,54.68,55.23,53.93,55.13,9255780,0,1,51.06072752,51.57432299,50.36037007,51.48094199,9255780
ABBV,10/2/2015,53.87,55.85,53.72,55.82,6942567,0,1,50.30434147,52.15328515,50.16426998,52.12527085,6942567
ABBV,10/5/2015,56.39,56.95,55.44,56.68,9330952,0,1,52.65754252,53.18047609,51.77042308,52.9283474,9330952
ABBV,10/6/2015,56.26,56.67,53.96,55.08,9008241,0,1,52.53614723,52.9190093,50.38838436,51.4342515,9008241
ABBV,10/7/2015,54.85,56.55,53.91,55.63,11075147,0,1,51.21947521,52.80695211,50.34169387,51.94784696,11075147
ABBV,10/8/2015,55.13,56.16,54.8,56.04,6737334,0,1,51.48094199,52.44276623,51.17278471,52.33070904,6737334
ABBV,10/9/2015,56.18,56.5,55.47,55.64,7178537,0,1,52.46144243,52.76026161,51.79843737,51.95718506,7178537
ABBV,10/12/2015,55.8,56.27,55.52,55.77,6515047,0,1,52.10659465,52.54548533,51.84512787,52.07858036,6515047
ABBV,10/13/2015,55.17,55.36,53.705,53.8,9467938,0.51,1,52.00666484,52.18577063,50.62566495,50.71521784,9467938
ABBV,10/14/2015,54.09,54.62,53.565,53.94,8727377,0,1,50.98858984,51.48820072,50.49369226,50.84719053,8727377
ABBV,10/15/2015,54.32,56.2,53.85,56.14,7781605,0,1,51.20540211,52.97760674,50.76235095,52.92104702,7781605
ABBV,10/16/2015,56.29,56.97,55.7902,56.53,7342847,0,1,53.06244633,53.70345652,52.59130384,53.28868522,7342847
ABBV,10/19/2015,56.29,56.7,55.685,56.16,6463038,0,1,53.06244633,53.44893776,52.49213579,52.93990026,6463038
ABBV,10/20/2015,56.15,56.3799,54.63,54.83,6494588,0,1,52.93047364,53.14719165,51.49762734,51.68615975,6494588
ABBV,10/21/2015,55.28,55.61,53.07,53.83,11756513,0,1,52.11035767,52.42143614,50.02707455,50.74349771,11756513
ABBV,10/22/2015,53.88,54.44,45.45,48.27,46499249,0,1,50.79063081,51.31852155,42.8439898,45.50229675,46499249
ABBV,10/23/2015,49.41,51.73,48.64,50.34,26214800,0,1,46.57693148,48.76390742,45.85108171,47.45360718,26214800
ABBV,10/26/2015,50.17,52.4775,49.35,51.87,13890440,0,1,47.29335463,49.46854729,46.52037176,48.8958801,13890440
ABBV,10/27/2015,52.01,53.49,52.01,52.58,11710809,0,1,49.02785279,50.42299261,49.02785279,49.56517015,11710809
ABBV,10/28/2015,52.82,53.8414,52.08,53.26,7868971,0,1,49.79140904,50.75424405,49.09383913,50.20618034,7868971
ABBV,10/29/2015,53.2,55.18,53.02,54.1,9301078,0,1,50.14962062,52.01609146,49.97994145,50.99801646,9301078
ABBV,10/30/2015,57.87,60.73,57.66,59.55,27465631,0,1,54.55185235,57.24786579,54.35389332,56.13552458,27465631
ABBV,11/2/2015,61.6,64.2,61.44,63.38,17008651,0,1,58.06798177,60.51890308,57.91715584,59.7459202,17008651
ABBV,11/3/2015,63.12,63.72,61.92,62.43,8754366,0,1,59.50082807,60.0664253,58.36963362,58.85039126,8754366
ABBV,11/4/2015,62.43,64.15,62.3,63.8,10342539,0,1,58.85039126,60.47176998,58.7278452,60.14183826,10342539
ABBV,11/5/2015,63.7,64.18,61.69,62.77,10237169,0,1,60.04757206,60.50004984,58.15282135,59.17089636,10237169
ABBV,11/6/2015,62.25,64.3,62.13,64.13,7252142,0,1,58.6807121,60.61316928,58.56759265,60.45291673,7252142
ABBV,11/9/2015,63.62,64.13,63.11,63.23,8223290,0,1,59.97215909,60.45291673,59.49140145,59.6045209,8223290
ABBV,11/10/2015,63.33,63.62,62.2775,62.3,6897363,0,1,59.6987871,59.97215909,58.7066353,58.7278452,6897363
ABBV,11/11/2015,62.2,62.27,60.57,60.86,8212540,0,1,58.63357899,58.69956534,57.09703987,57.37041186,8212540
ABBV,11/12/2015,60.79,61.7297,60.15,60.23,7765449,0,1,57.30442552,58.19024504,56.70112181,56.77653477,7765449
ABBV,11/13/2015,60.01,60.97,58.89,59.86,7831816,0,1,56.56914912,57.47410468,55.51336764,56.42774982,7831816
ABBV,11/16/2015,59.74,60.81,59.56,60.01,6965093,0,1,56.31463037,57.32327876,56.1449512,56.56914912,6965093
ABBV,11/17/2015,60.1,61.73,59.73,60.38,8405288,0,1,56.65398871,58.19052783,56.30520375,56.91793408,8405288
ABBV,11/18/2015,60.26,61.06,59.8501,60.99,5470204,0,1,56.80481463,57.55894427,56.41841746,57.49295792,5470204
ABBV,11/19/2015,61.22,61.73,60.14,60.55,5571205,0,1,57.70977019,58.19052783,56.69169519,57.07818663,5571205
ABBV,11/20/2015,60.94,61.36,60.57,61.11,7489684,0,1,57.44582482,57.84174288,57.09703987,57.60607737,7489684
ABBV,11/23/2015,61.31,61.53,60.84,61.15,6404954,0,1,57.79460978,58.00199543,57.35155862,57.64378385,6404954
ABBV,11/24/2015,60.56,61.65,60.53,61.13,5214544,0,1,57.08761325,58.11511487,57.05933338,57.62493061,5214544
ABBV,11/25/2015,61.1,61.13,60.21,60.29,4879776,0,1,57.59665075,57.62493061,56.75768153,56.83309449,4879776
ABBV,11/27/2015,60.17,60.45,59.61,60,2404142,0,1,56.71997505,56.98392042,56.19208431,56.5597225,2404142
ABBV,11/30/2015,59.96,60.21,57.9601,58.15,12659111,0,1,56.52201602,56.75768153,54.6367862,54.81579773,12659111
ABBV,12/1/2015,58.23,59.095,57.16,59.02,11290185,0,1,54.89121069,55.70661335,53.8825623,55.6359137,11290185
ABBV,12/2/2015,59.17,59.39,57.37,57.72,7663000,0,1,55.77731301,55.98469866,54.08052133,54.41045305,7663000
ABBV,12/3/2015,57.71,57.75,55.53,56.12,9700854,0,1,54.40102643,54.43873291,52.34602318,52.90219378,9700854
ABBV,12/4/2015,56.5,57.48,56.2,57.18,6748111,0,1,53.26040536,54.18421416,52.97760674,53.90141554,6748111
ABBV,12/7/2015,57.9,57.99,55.76,56.27,7890533,0,1,54.58013221,54.6649718,52.56283545,53.04359309,7890533
ABBV,12/8/2015,55.56,56.87,55.51,56.67,6896158,0,1,52.37430304,53.60919031,52.32716994,53.4206579,6896158
ABBV,12/9/2015,56.28,57.44,55.72,56.03,6207923,0,1,53.05301971,54.14650768,52.52512896,52.8173542,6207923
ABBV,12/10/2015,56,56.65,55.65,55.78,6736772,0,1,52.78907434,53.40180466,52.45914262,52.58168869,6736772
ABBV,12/11/2015,55.17,55.39,53.85,54.04,9388615,0,1,52.00666484,52.21405049,50.76235095,50.94145673,9388615
ABBV,12/14/2015,53.71,55.475,53.24,55.44,9419071,0,1,50.63037826,52.29417676,50.1873271,52.26118359,9419071
ABBV,12/15/2015,56.15,57,55.91,56.39,6990048,0,1,52.93047364,53.73173638,52.70423475,53.15671253,6990048
ABBV,12/16/2015,56.67,57.69,56.2,57.63,6282513,0,1,53.4206579,54.38217319,52.97760674,54.32561346,6282513
ABBV,12/17/2015,57.66,57.93,56.35,56.38,7848920,0,1,54.35389332,54.60841208,53.11900605,53.14728591,7848920
ABBV,12/18/2015,55.9,56.1,55.36,55.74,13766238,0,1,52.69480813,52.88334054,52.18577063,52.5439822,13766238
ABBV,12/21/2015,56,56.26,55.7,56.2,4572059,0,1,52.78907434,53.03416647,52.50627572,52.97760674,4572059
ABBV,12/22/2015,56.54,57.985,56.42,57.59,8390761,0,1,53.29811184,54.66025849,53.18499239,54.28790698,8390761
ABBV,12/23/2015,57.88,58.61,57.61,58.58,6634423,0,1,54.56127897,55.24942226,54.30676022,55.2211424,6634423
ABBV,12/24/2015,58.38,58.73,58,58.46,2152905,0,1,55.03260999,55.36254171,54.67439842,55.10802296,2152905
ABBV,12/28/2015,58.27,58.97,57.76,58.75,5585803,0,1,54.92891717,55.5887806,54.44815953,55.38139495,5585803
ABBV,12/29/2015,59.02,59.7,59.02,59.45,5073292,0,1,55.6359137,56.27692389,55.6359137,56.04125838,5073292
ABBV,12/30/2015,59.4,60.12,59.31,59.8,5220318,0,1,55.99412528,56.67284195,55.90928569,56.37119009,5220318
ABBV,12/31/2015,59.5,59.93,59.2,59.24,6104841,0,1,56.08839148,56.49373616,55.80559287,55.84329935,6104841
ABBV,1/4/2016,58.06,58.32,56.4,57.61,10308397,0,1,54.73095814,54.97605027,53.16613915,54.30676022,10308397
ABBV,1/5/2016,57.99,58.25,56.815,57.37,7179634,0,1,54.6649718,54.91006393,53.5573439,54.08052133,7179634
ABBV,1/6/2016,56.37,57.56,56.18,57.38,8952688,0,1,53.13785929,54.25962712,52.9587535,54.08994795,8952688
ABBV,1/7/2016,56.52,57.84,56.34,57.21,9292584,0,1,53.2792586,54.52357249,53.10957943,53.92969541,9292584
ABBV,1/8/2016,57.55,57.81,55.48,55.65,7985156,0,1,54.2502005,54.49529263,52.29889007,52.45914262,7985156
ABBV,1/11/2016,55.86,55.98,52.83,53.88,10483232,0,1,52.65710165,52.77022109,49.80083566,50.79063081,10483232
ABBV,1/12/2016,54.47,54.9701,53.57,54.84,6799265,0,1,51.34680141,51.8182267,50.49840557,51.69558637,6799265
ABBV,1/13/2016,54.55,54.62,50.98,51.18,10432227,0.57,1,51.99491196,52.0616332,48.59212853,48.78276066,10432227
ABBV,1/14/2016,51.32,56.8295,50.71,54.56,16704779,0,1,48.91620315,54.16764159,48.33477517,52.00444356,16704779
ABBV,1/15/2016,53.01,57.41,53.01,57.34,26727332,0,1,50.5270446,54.72095134,50.5270446,54.65423009,26727332
ABBV,1/19/2016,57.53,57.73,54.23,54.99,13643672,0,1,54.83533061,55.02596274,51.68990056,52.41430263,13643672
ABBV,1/20/2016,54.21,57.93,53.7,57.15,11993149,0,1,51.67083734,55.21659486,51.18472543,54.47312957,11993149
ABBV,1/21/2016,57.29,58.77,56.92,58.36,12096554,0,1,54.60657206,56.01724978,54.25390263,55.62645393,12096554
ABBV,1/22/2016,59.1,59.43,57.82,58.83,10383842,0,1,56.33179279,56.64633579,55.11174719,56.07443942,10383842
ABBV,1/25/2016,59.03,59.81,58.18,58.65,9680396,0,1,56.26507154,57.00853683,55.45488502,55.90287051,9680396
ABBV,1/26/2016,59.01,59.27,57.21,58.26,7421073,0,1,56.24600833,56.49383009,54.53031921,55.53113787,7421073
ABBV,1/27/2016,58.36,58.93,56.45,57.11,9075307,0,1,55.62645393,56.16975548,53.80591714,54.43500315,9075307
ABBV,1/28/2016,57.23,57.73,54.78,55.85,10520645,0,1,54.54938242,55.02596274,52.2141389,53.23402077,10520645
ABBV,1/29/2016,53.42,55.31,53.42,54.9,17768483,0,1,50.91784045,52.71931403,50.91784045,52.32851817,17768483
ABBV,2/1/2016,54.16,54.88,52.51,54.39,11693273,0,1,51.62317931,52.30945496,50.05046429,51.84240626,11693273
ABBV,2/2/2016,53.64,54.78,53.32,53.95,7918204,0,1,51.12753579,52.2141389,50.82252439,51.42301558,7918204
ABBV,2/3/2016,54.53,57.18,54.05,56.84,16435661,0,1,51.97584874,54.50172439,51.51833164,54.17764978,16435661
ABBV,2/4/2016,56.74,57.31,55.355,56.76,10351220,0,1,54.08233372,54.62563527,52.76220626,54.10139693,10351220
ABBV,2/5/2016,56.25,56.34,52.62,53.12,13262042,0,1,53.61528501,53.70106947,50.15531195,50.63189227,13262042
ABBV,2/8/2016,52.58,54.1,51.941,52.89,9369377,0,1,50.11718553,51.56598968,49.50811589,50.41266532,9369377
ABBV,2/9/2016,52.31,53.94,52.06,53.48,7655796,0,1,49.85983216,51.41348398,49.62154201,50.97503009,7655796
ABBV,2/10/2016,54.11,54.69,52.55,52.72,9302456,0,1,51.57552128,52.12835444,50.08859071,50.25062802,9302456
ABBV,2/11/2016,52.3,53.12,51.8162,52.18,8551125,0,1,49.85030056,50.63189227,49.38916145,49.73592128,8551125
ABBV,2/12/2016,52.53,52.97,51.6,52.58,9976111,0,1,50.0695275,50.48891817,49.18308812,50.11718553,9976111
ABBV,2/16/2016,53.44,53.87,52.73,53.51,8312990,0,1,50.93690367,51.34676273,50.26015962,51.00362491,8312990
ABBV,2/17/2016,54.34,55.155,53.35,55.01,10005667,0,1,51.79474823,52.57157413,50.85111921,52.43336584,10005667
ABBV,2/18/2016,55.53,55.53,54.17,54.55,6553311,0,1,52.92900937,52.92900937,51.63271092,51.99491196,6553311
ABBV,2/19/2016,54.5,55,53.98,54.29,8532544,0,1,51.94725392,52.42383424,51.4516104,51.74709019,8532544
ABBV,2/22/2016,54.67,55.32,53.74,55.28,9381688,0,1,52.10929123,52.72884564,51.22285185,52.69071921,9381688
ABBV,2/23/2016,55.7,56.31,55,55.07,8629685,0,1,53.09104667,53.67247465,52.42383424,52.49055548,8629685
ABBV,2/24/2016,54.66,55.07,54.01,54.89,6633443,0,1,52.09975962,52.49055548,51.48020522,52.31898657,6633443
ABBV,2/25/2016,55.17,56.23,54.43,56.2,7076286,0,1,52.58587154,53.5962218,51.88053268,53.56762698,7076286
ABBV,2/26/2016,56.26,56.79,55.8,56,5297979,0,1,53.62481662,54.12999175,53.18636273,53.37699486,5297979
ABBV,2/29/2016,55.87,56,54.47,54.61,8387319,0,1,53.25308398,53.37699486,51.91865911,52.05210159,8387319
ABBV,3/1/2016,54.78,56.34,54.24,56.34,7106044,0,1,52.2141389,53.70106947,51.69943216,53.70106947,7106044
ABBV,3/2/2016,56.17,56.43,55.4,55.7,7054840,0,1,53.53903216,53.78685393,52.80509849,53.09104667,7054840
ABBV,3/3/2016,55.69,56.0859,55.15,55.93,9283916,0,1,53.08151507,53.45887136,52.56680833,53.31027362,9283916
ABBV,3/4/2016,56,56.696,55.3,56.15,6439655,0,1,53.37699486,54.04039465,52.70978242,53.51996895,6439655
ABBV,3/7/2016,55.7,56.5,54.83,56.4,7741742,0,1,53.09104667,53.85357517,52.26179693,53.75825911,7741742
ABBV,3/8/2016,56.18,56.47,55.23,55.32,5127549,0,1,53.54856377,53.82498035,52.64306118,52.72884564,5127549
ABBV,3/9/2016,55.51,56.65,55.04,56.39,8402376,0,1,52.90994615,53.99654926,52.46196066,53.7487275,8402376
ABBV,3/10/2016,56.56,57.37,55.3188,56.23,5627812,0,1,53.91076481,54.68282491,52.72770184,53.5962218,5627812
ABBV,3/11/2016,56.4,57.87,56.35,57.73,6537430,0,1,53.75825911,55.15940522,53.71060108,55.02596274,6537430
ABBV,3/14/2016,57.67,57.73,56.97,57.21,4650827,0,1,54.9687731,55.02596274,54.30156066,54.53031921,4650827
ABBV,3/15/2016,56.65,56.93,55.128,55.62,5779576,0,1,53.99654926,54.26343424,52.5458388,53.01479382,5779576
ABBV,3/16/2016,55.58,56.54,55.25,56.31,6245419,0,1,52.9766674,53.89170159,52.66212439,53.67247465,6245419
ABBV,3/17/2016,56.46,56.46,54.41,55.32,8307931,0,1,53.81544874,53.81544874,51.86146947,52.72884564,8307931
ABBV,3/18/2016,55.59,56.6,54.8,56.57,11029792,0,1,52.986199,53.94889123,52.23320211,53.92029641,11029792
ABBV,3/21/2016,56.52,56.775,55.73,56.01,6632919,0,1,53.87263838,54.11569434,53.11964149,53.38652646,6632919
ABBV,3/22/2016,55.75,57.54,55.75,57.5,7660904,0,1,53.1387047,54.84486222,53.1387047,54.80673579,7660904
ABBV,3/23/2016,57.16,57.5,56.22,56.36,5116420,0,1,54.48266118,54.80673579,53.5866902,53.72013268,5116420
ABBV,3/24/2016,56.14,56.25,55.67,56.12,5278949,0,1,53.51043735,53.61528501,53.06245185,53.49137413,5278949
ABBV,3/28/2016,56.35,56.7,55.8,56.11,3803128,0,1,53.71060108,54.04420729,53.18636273,53.48184253,3803128
ABBV,3/29/2016,56.1,57.1,55.2169,57.05,4567919,0,1,53.47231092,54.42547154,52.63057478,54.37781351,4567919
ABBV,3/30/2016,57.43,57.53,56.72,57,3650279,0,1,54.74001455,54.83533061,54.06327051,54.33015548,3650279
ABBV,3/31/2016,57.02,57.46,56.82,57.12,4930321,0,1,54.34921869,54.76860937,54.15858657,54.44453476,4930321
ABBV,4/1/2016,56.58,57.57,56.36,57.42,4525718,0,1,53.92982802,54.87345704,53.72013268,54.73048294,4525718
ABBV,4/4/2016,57.64,59.4,57.49,59.21,8108130,0,1,54.94017828,56.61774098,54.79720419,56.43664046,8108130
ABBV,4/5/2016,58.54,59.56,58.085,58.54,6779355,0,1,55.79802284,56.77024667,55.36433476,55.79802284,6779355
ABBV,4/6/2016,58.52,59.9,58.52,59.89,6322768,0,1,55.77895963,57.09432129,55.77895963,57.08478968,6322768
ABBV,4/7/2016,59.42,59.9,58.76,59.3,7826557,0,1,56.63680419,57.09432129,56.00771818,56.52242491,7826557
ABBV,4/8/2016,59.49,59.8,58.17,58.47,5749998,0,1,56.70352543,56.99900522,55.44535341,55.7313016,5749998
ABBV,4/11/2016,58.59,59.25,58.25,58.5,4893374,0,1,55.84568087,56.47476688,55.52160626,55.75989641,4893374
ABBV,4/12/2016,58.98,60.05,58.69,59.89,7242861,0,1,56.21741351,57.23729538,55.94099693,57.08478968,7242861
ABBV,4/13/2016,59.87,60,58.7,59.06,7023002,0.57,1,57.61647933,57.7415861,56.4905184,56.83696792,7023002
ABBV,4/14/2016,59.15,59.49,59,59.28,5185595,0,1,56.9235803,57.25078262,56.77922633,57.04868707,5185595
ABBV,4/15/2016,59.55,59.74,58.78,59.51,4660835,0,1,57.3085242,57.49137256,56.56750718,57.27002981,4660835
ABBV,4/18/2016,59.5,60.32,59.3,59.88,6088517,0,1,57.26040622,58.04954123,57.06793426,57.62610293,6088517
ABBV,4/19/2016,60.09,61.23,59.67,60.17,6149273,0,1,57.82819848,58.92528862,57.42400738,57.90518726,6149273
ABBV,4/20/2016,60.17,61.11,59.96,60.48,4443645,0,1,57.90518726,58.80980544,57.70309171,58.20351879,4443645
ABBV,4/21/2016,60.57,61.43,60.54,61.37,5702153,0,1,58.29013117,59.11776057,58.26126038,59.06001898,5702153
ABBV,4/22/2016,61.3,61.99,60.96,61.42,5103024,0,1,58.9926538,59.65668204,58.66545148,59.10813697,5103024
ABBV,4/25/2016,61.13,61.3,60.75,60.97,4320521,0,1,58.82905264,58.9926538,58.46335593,58.67507508,4320521
ABBV,4/26/2016,60.96,61.29,60.53,60.93,4281312,0,1,58.66545148,58.9830302,58.25163678,58.63658069,4281312
ABBV,4/27/2016,60.93,61.48,60.25,60.7,6678443,0,1,58.63658069,59.16587856,57.98217604,58.41523794,6678443
ABBV,4/28/2016,58.56,62.1,57.53,61.2,16234770,0,1,56.35578803,59.76254161,55.36455747,58.89641782,16234770
ABBV,4/29/2016,61.03,61.445,60.48,61,13052678,0,1,58.73281666,59.13219597,58.20351879,58.70394587,13052678
ABBV,5/2/2016,60.79,62,60.7,61.44,9512008,0,1,58.50185032,59.66630564,58.41523794,59.12738417,9512008
ABBV,5/3/2016,60.99,62.09,60.72,61.77,9316013,0,1,58.69432227,59.75291802,58.43448513,59.44496289,9316013
ABBV,5/4/2016,61.3,61.65,61.01,61.46,8691399,0,1,58.9926538,59.32947972,58.71356947,59.14663136,8691399
ABBV,5/5/2016,61.41,62.395,61.09,62.34,8645974,0,1,59.09851337,60.04643775,58.79055825,59.99350796,8645974
ABBV,5/6/2016,62,62.745,61.65,62.51,10880407,0,1,59.66630564,60.38326366,59.32947972,60.15710912,10880407
ABBV,5/9/2016,62.36,63.87,62.2802,63.7,9917401,0,1,60.01275515,61.4659184,59.93595884,61.30231724,9917401
ABBV,5/10/2016,63.51,63.76,63.3225,63.74,12103393,0,1,61.11946889,61.36005883,60.93902643,61.34081163,12103393
ABBV,5/11/2016,63.77,63.825,62.64,62.7,9375138,0,1,61.36968243,61.42261221,60.28221589,60.33995747,9375138
ABBV,5/12/2016,62.86,63.07,62.389,62.49,9589470,0,1,60.49393504,60.69603059,60.04066359,60.13786192,9589470
ABBV,5/13/2016,62.15,62.86,61.8215,62,7339589,0,1,59.8106596,60.49393504,59.49452442,59.66630564,7339589
ABBV,5/16/2016,61.91,62.62,61.5,62.45,6707435,0,1,59.57969326,60.26296869,59.18512575,60.09936753,6707435
ABBV,5/17/2016,62.44,62.7899,58.5,60.25,31527592,0,1,60.08974394,60.42647362,56.29804645,57.98217604,31527592
ABBV,5/18/2016,59.87,60.8,59.56,60.46,10622035,0,1,57.61647933,58.51147392,57.3181478,58.18427159,10622035
ABBV,5/19/2016,60.06,60.35,58.9,59.28,9917904,0,1,57.79932769,58.07841202,56.68299036,57.04868707,9917904
ABBV,5/20/2016,59.63,60.05,59.03,59.69,11259353,0,1,57.38551299,57.78970409,56.80809713,57.44325457,11259353
ABBV,5/23/2016,59.75,59.84,59.13,59.3,6468921,0,1,57.50099616,57.58760854,56.9043331,57.06793426,6468921
ABBV,5/24/2016,59.73,60.91,59.52,60.7,8888080,0,1,57.48174896,58.61733349,57.27965341,58.41523794,8888080
ABBV,5/25/2016,61.08,61.47,60.79,61.22,5857619,0,1,58.78093465,59.15625496,58.50185032,58.91566502,5857619
ABBV,5/26/2016,61,62.17,60.9,61.9,6536916,0,1,58.70394587,59.8299068,58.60770989,59.57006966,6536916
ABBV,5/27/2016,61.99,63.2,61.9,62.71,5768006,0,1,59.65668204,60.82113736,59.57006966,60.34958107,5768006
ABBV,5/31/2016,62.71,63.49,62.64,62.93,7147942,0,1,60.34958107,61.10022169,60.28221589,60.56130022,7147942
ABBV,6/1/2016,62.9,63.17,62.63,62.83,5284439,0,1,60.53242943,60.79226657,60.27259229,60.46506424,5284439
ABBV,6/2/2016,62.87,65.15,62.83,65.09,11628027,0,1,60.50355864,62.69773891,60.46506424,62.63999732,11628027
ABBV,6/3/2016,64.76,65.37,63.75,65,10621168,0,1,62.3224186,62.90945806,61.35043523,62.55338494,10621168
ABBV,6/6/2016,62.13,62.99,61.87,62.82,16403337,0,1,59.79141241,60.61904181,59.54119887,60.45544065,16403337
ABBV,6/7/2016,62.59,63.59,62.3,63.1,10980086,0,1,60.2340979,61.19645767,59.95501357,60.72490138,10980086
ABBV,6/8/2016,62.21,62.3,61.37,61.73,13172984,0,1,59.86840119,59.95501357,59.06001898,59.4064685,13172984
ABBV,6/9/2016,61.5,62.17,60.515,60.75,11503706,0,1,59.18512575,59.8299068,58.23720138,58.46335593,11503706
ABBV,6/10/2016,59.99,61.01,59.72,61,11052311,0,1,57.7319625,58.71356947,57.47212537,58.70394587,11052311
ABBV,6/13/2016,60.46,61.39,59.85,59.93,11673171,0,1,58.18427159,59.07926618,57.59723214,57.67422092,11673171
ABBV,6/14/2016,59.46,60.38,59.16,59.9,11559797,0,1,57.22191183,58.10728281,56.9332039,57.64535012,11559797
ABBV,6/15/2016,60.29,61.27,60.01,60.4,7739270,0,1,58.02067043,58.96378301,57.7512097,58.12653001,7739270
ABBV,6/16/2016,59.93,60.94,59.91,60.9,7011206,0,1,57.67422092,58.64620428,57.65497372,58.60770989,7011206
ABBV,6/17/2016,60.88,60.97,59.57,60.01,12574723,0,1,58.5884627,58.67507508,57.3277714,57.7512097,12574723
ABBV,6/20/2016,60.64,61.18,60.06,60.11,7076452,0,1,58.35749635,58.87717063,57.79932769,57.84744567,7076452
ABBV,6/21/2016,60.2,60.4,59.75,59.98,6364629,0,1,57.93405805,58.12653001,57.50099616,57.72233891,6364629
ABBV,6/22/2016,60,61.18,59.92,60.39,6718704,0,1,57.7415861,58.87717063,57.66459732,58.11690641,6718704
ABBV,6/23/2016,60.86,61.32,60.62,61.31,5328036,0,1,58.5692155,59.01190099,58.33824916,59.0022774,5328036
ABBV,6/24/2016,59.26,60.6,59.18,59.86,9877986,0,1,57.02943987,58.31900196,56.95245109,57.60685573,9877986
ABBV,6/27/2016,59.38,59.68,58.329,58.68,7947017,0,1,57.14492304,57.43363097,56.13348293,56.47127121,7947017
ABBV,6/28/2016,59.28,60.13,59.15,59.99,9897535,0,1,57.04868707,57.86669287,56.9235803,57.7319625,9897535
ABBV,6/29/2016,60.58,62.03,60.23,61.81,9308022,0,1,58.29975477,59.69517643,57.96292885,59.48345728,9308022
ABBV,6/30/2016,61.79,62.02,61.14,61.91,7920605,0,1,59.46421009,59.68555283,58.83867624,59.57969326,7920605
ABBV,7/1/2016,61.98,63.22,61.83,62.71,6533694,0,1,59.64705844,60.84038455,59.50270448,60.34958107,6533694
ABBV,7/5/2016,62.5,62.71,61.77,61.92,6293627,0,1,60.14748552,60.34958107,59.44496289,59.58931686,6293627
ABBV,7/6/2016,61.84,63.76,61.8,63.37,9202126,0,1,59.51232807,61.36005883,59.47383368,60.98473852,9202126
ABBV,7/7/2016,63.6,63.75,63.21,63.43,7081909,0,1,61.20608127,61.35043523,60.83076096,61.04248011,7081909
ABBV,7/8/2016,63.48,64.48,62.74,64.16,7921725,0,1,61.09059809,62.05295786,60.37845187,61.74500274,7921725
ABBV,7/11/2016,64.25,64.985,64.07,64.35,9641282,0,1,61.83161512,62.53894955,61.65839036,61.92785109,9641282
ABBV,7/12/2016,64.67,65.81,64.32,65.5,11870483,0,1,62.23580622,63.33289635,61.8989803,63.03456483,11870483
ABBV,7/13/2016,64.81,65.04,64.25,64.77,7684151,0.57,1,62.91942042,63.14271106,62.37575624,62.88058726,7684151
ABBV,7/14/2016,63.7,64.14,62.94,63.62,12090057,0,1,61.84180035,62.26896506,61.10397039,61.76413404,12090057
ABBV,7/15/2016,63.82,64.17,63.13,63.32,8826486,0,1,61.95829982,62.29808993,61.28842788,61.47288537,8826486
ABBV,7/18/2016,63.23,63.77,63.18,63.56,6384655,0,1,61.38551077,61.90975837,61.33696933,61.70588431,6384655
ABBV,7/19/2016,63.41,63.97,63.09,63.32,5789488,0,1,61.56025997,62.10392415,61.24959473,61.47288537,5789488
ABBV,7/20/2016,63.57,63.9,63.3299,63.41,7502821,0,1,61.71559259,62.03596613,61.48249658,61.56025997,7502821
ABBV,7/21/2016,63.23,64,63.17,63.89,6515660,0,1,61.38551077,62.13304902,61.32726104,62.02625784,6515660
ABBV,7/22/2016,64,64.09,63.575,63.81,4972888,0,1,62.13304902,62.22042362,61.72044674,61.94859153,4972888
ABBV,7/25/2016,63.91,64.5,63.71,64.32,7241174,0,1,62.04567442,62.61846346,61.85150864,62.44371426,7241174
ABBV,7/26/2016,64.41,64.73,63.96,64.45,4885138,0,1,62.53108886,62.84175411,62.09421586,62.56992202,4885138
ABBV,7/27/2016,64.42,65.115,64.32,64.9,6220302,0,1,62.54079715,63.21552323,62.44371426,63.00679502,6220302
ABBV,7/28/2016,64.79,65.06,63.93,64.72,6556138,0,1,62.90000384,63.16212764,62.065091,62.83204582,6556138
ABBV,7/29/2016,65.27,66.4,65.15,66.23,10524966,0,1,63.36600171,64.46303836,63.24950224,64.29799744,10524966
ABBV,8/1/2016,66.23,67.08,66.23,66.94,7599007,0,1,64.29799744,65.123202,64.29799744,64.98728596,7599007
ABBV,8/2/2016,66.93,67.06,66.051,66.78,8763200,0,1,64.97757767,65.10378542,64.12421907,64.83195333,8763200
ABBV,8/3/2016,66.81,67,66.225,66.57,6355050,0,1,64.8610782,65.04553569,64.2931433,64.62807927,6355050
ABBV,8/4/2016,66.58,66.98,66.08,66.1,4901851,0,1,64.63778756,65.02611911,64.15237311,64.17178969,4901851
ABBV,8/5/2016,66.15,66.6,66.12,66.54,5045559,0,1,64.22033113,64.65720413,64.19120627,64.5989544,5045559
ABBV,8/8/2016,66.38,66.67,65.75,66.34,5309293,0,1,64.44362178,64.72516216,63.83199958,64.40478862,5309293
ABBV,8/9/2016,66.34,67.25,66.25,66.76,5717281,0,1,64.40478862,65.28824291,64.31741402,64.81253676,5717281
ABBV,8/10/2016,66.7,66.96,66.19,66.43,4506059,0,1,64.75428702,65.00670253,64.25916429,64.49216322,4506059
ABBV,8/11/2016,66.86,67.11,66.7,66.95,4246610,0,1,64.90961965,65.15232687,64.75428702,64.99699425,4246610
ABBV,8/12/2016,66.86,67.39,66.55,67.19,5215441,0,1,64.90961965,65.42415896,64.60866269,65.22999318,5215441
ABBV,8/15/2016,67.47,68.1239,67.32,67.39,5215360,0,1,65.50182527,66.13665028,65.35620094,65.42415896,5215360
ABBV,8/16/2016,67.13,67.61,66.5,66.74,7147645,0,1,65.17174345,65.63774131,64.56012124,64.79312018,7147645
ABBV,8/17/2016,66.69,67.35,66.35,66.83,7945418,0,1,64.74457873,65.3853258,64.41449691,64.88049478,7945418
ABBV,8/18/2016,66.57,67.43,66.55,66.77,8205847,0,1,64.62807927,65.46299211,64.60866269,64.82224505,8205847
ABBV,8/19/2016,66.57,67.18,66.51,67.1,6709360,0,1,64.62807927,65.22028489,64.56982953,65.14261858,6709360
ABBV,8/22/2016,67.31,67.79,66.92,67.01,7884845,0,1,65.34649265,65.81249051,64.96786938,65.05524398,7884845
ABBV,8/23/2016,67.26,67.49,65.99,66.17,10227754,0,1,65.2979512,65.52124185,64.06499851,64.23974771,10227754
ABBV,8/24/2016,66.31,66.53,64.84,65.06,8551058,0,1,64.37566376,64.58924611,62.94854529,63.16212764,8551058
ABBV,8/25/2016,65.04,65.43,64.27,64.72,6378983,0,1,63.14271106,63.52133433,62.39517282,62.83204582,6378983
ABBV,8/26/2016,64.68,65.02,64.21,64.61,7041630,0,1,62.79321266,63.12329449,62.33692308,62.72525464,7041630
ABBV,8/29/2016,64.84,65.09,64.19,64.51,5099200,0,1,62.94854529,63.19125251,62.31750651,62.62817175,5099200
ABBV,8/30/2016,64.54,64.71,64.105,64.16,5531774,0,1,62.65729662,62.82233753,62.23498605,62.28838164,5531774
ABBV,8/31/2016,64.21,64.45,63.5,64.1,6750010,0,1,62.33692308,62.56992202,61.64763457,62.23013191,6750010
ABBV,9/1/2016,64.1,64.14,63.605,64.03,5126674,0,1,62.23013191,62.26896506,61.74957161,62.16217388,5126674
ABBV,9/2/2016,64.37,64.48,63.8737,64.12,4100767,0,1,62.49225571,62.59904689,62.01043333,62.24954848,4100767
ABBV,9/6/2016,64.7,64.895,64.05,64.61,6286293,0,1,62.81262924,63.00194087,62.18159046,62.72525464,6286293
ABBV,9/7/2016,64.37,65.14,64.29,64.97,5714320,0,1,62.49225571,63.23979395,62.4145894,63.07475304,5714320
ABBV,9/8/2016,63.96,64.15,63.44,64.06,8238846,0,1,62.09421586,62.27867335,61.58938484,62.19129875,8238846
ABBV,9/9/2016,63.22,64,63.06,63.36,8848534,0,1,61.37580248,62.13304902,61.22046986,61.51171853,8848534
ABBV,9/12/2016,62.98,64.231,62.66,64.08,6653007,0,1,61.14280355,62.35731049,60.8321383,62.21071533,6653007
ABBV,9/13/2016,63.66,64.15,63.01,63.34,7640367,0,1,61.80296719,62.27867335,61.17192842,61.49230195,7640367
ABBV,9/14/2016,63.41,63.96,63.06,63.34,5889749,0,1,61.56025997,62.09421586,61.22046986,61.49230195,5889749
ABBV,9/15/2016,63.17,63.82,62.92,63.35,7810182,0,1,61.32726104,61.95829982,61.08455382,61.50201024,7810182
ABBV,9/16/2016,63.53,63.79,63.17,63.27,11164219,0,1,61.67675944,61.92917495,61.32726104,61.42434393,11164219
ABBV,9/19/2016,63.62,63.71,62.83,62.91,7903516,0,1,61.76413404,61.85150864,60.99717922,61.07484553,7903516
ABBV,9/20/2016,63.36,63.55,62.76,63.28,4826460,0,1,61.51171853,61.69617602,60.92922119,61.43405222,4826460
ABBV,9/21/2016,63.49,64.25,63.195,64.1,7587358,0,1,61.63792628,62.37575624,61.35153176,62.23013191,7587358
ABBV,9/22/2016,64.12,65.2,64.0801,65.08,5416092,0,1,62.24954848,63.29804369,62.21081241,63.18154422,5416092
ABBV,9/23/2016,65.05,65.33,64.75,64.98,5153604,0,1,63.15241935,63.42425144,62.86117069,63.08446133,5153604
ABBV,9/26/2016,64.52,64.88,64.02,64.07,5567517,0,1,62.63788004,62.98737844,62.1524656,62.20100704,5567517
ABBV,9/27/2016,63.95,64.75,63.69,64.57,4358334,0,1,62.08450757,62.86117069,61.83209206,62.68642149,4358334
ABBV,9/28/2016,64.94,64.94,63.885,64.22,5645599,0,1,63.04562817,63.04562817,62.02140369,62.34663137,5645599
ABBV,9/29/2016,64.3,64.31,62.8,62.82,6431183,0,1,62.42429768,62.43400597,60.96805435,60.98747093,6431183
ABBV,9/30/2016,62.67,63.255,62.45,63.07,7316537,0,1,60.84184659,61.40978149,60.62826424,61.23017815,7316537
ABBV,10/3/2016,63.02,63.29,62.25,63.23,4239556,0,1,61.1816367,61.4437605,60.43409846,61.38551077,4239556
ABBV,10/4/2016,63.31,63.53,62.55,63,4719437,0,1,61.46317708,61.67675944,60.72534713,61.16222013,4719437
ABBV,10/5/2016,63.08,63.75,63,63.39,4442517,0,1,61.23988644,61.89034179,61.16222013,61.54084339,4442517
ABBV,10/6/2016,63.16,63.21,62.56,62.83,4446105,0,1,61.31755275,61.36609419,60.73505541,60.99717922,4446105
ABBV,10/7/2016,63.1,63.58,62.5,62.93,3811971,0,1,61.25930302,61.72530088,60.67680568,61.0942621,3811971
ABBV,10/10/2016,63.07,63.66,62.92,63.31,3135309,0,1,61.23017815,61.80296719,61.08455382,61.46317708,3135309
ABBV,10/11/2016,63.08,63.26,62.05,62.39,5308309,0,1,61.23988644,61.41463564,60.23993268,60.5700145,5308309
ABBV,10/12/2016,62,62.23,61.015,61.21,4563776,0.57,1,60.75190574,60.97727572,59.78673434,59.97780888,4563776
ABBV,10/13/2016,60.96,61.61,60.6793,61.15,5988601,0,1,59.73284152,60.36975666,59.45779216,59.91901671,5988601
ABBV,10/14/2016,61.45,61.515,60.15,60.17,5606379,0,1,60.21297755,60.27666906,58.93914727,58.95874465,5606379
ABBV,10/17/2016,60.1,60.71,59.86,60.14,6138658,0,1,58.89015379,59.48787416,58.65498513,58.92934857,6138658
ABBV,10/18/2016,60.62,61.62,60.4,61.55,6655071,0,1,59.39968591,60.37955535,59.18411463,60.31096449,6655071
ABBV,10/19/2016,62.04,62.16,61.17,61.43,5588887,0,1,60.79110052,60.90868485,59.9386141,60.19338016,5588887
ABBV,10/20/2016,61.45,61.98,61.33,61.76,4391317,0,1,60.21297755,60.73230835,60.09539321,60.51673708,4391317
ABBV,10/21/2016,61.38,61.44,60.6499,60.98,4341676,0,1,60.14438669,60.20317885,59.428984,59.75243891,4341676
ABBV,10/24/2016,61.13,61.68,61.02,61.12,3934849,0,1,59.89941932,60.43834752,59.79163368,59.88962063,3934849
ABBV,10/25/2016,61.06,61.655,60.95,61.55,6432640,0,1,59.83082846,60.41385078,59.72304282,60.31096449,6432640
ABBV,10/26/2016,61.51,61.71,60.71,61.02,4560823,0,1,60.27176971,60.4677436,59.48787416,59.79163368,4560823
ABBV,10/27/2016,61.45,61.72,60.6,61.46,6612491,0,1,60.21297755,60.4775423,59.38008852,60.22277624,6612491
ABBV,10/28/2016,57.55,58.39,55.0623,57.6,24859961,0,1,56.3914867,57.21457704,53.95386548,56.44048017,24859961
ABBV,10/31/2016,57.06,57.3,55.72,55.78,14185393,0,1,55.91135067,56.14651934,54.59832561,54.65711778,14185393
ABBV,11/1/2016,56,56.61,55.68,56.45,9798803,0,1,54.87268906,55.47040942,54.55913084,55.31363031,9798803
ABBV,11/2/2016,56.46,57.19,56.4,56.79,9779042,0,1,55.323429,56.0387337,55.26463684,55.64678592,9779042
ABBV,11/3/2016,57.12,57.288,55.85,55.89,9842344,0,1,55.97014284,56.13476091,54.72570864,54.76490342,9842344
ABBV,11/4/2016,56.07,56.87,55.87,56.04,11186952,0,1,54.94127992,55.72517548,54.74530603,54.91188384,11186952
ABBV,11/7/2016,56.81,61.16,56.635,58.91,17763114,0,1,55.66638331,59.92881541,55.49490616,57.72410915,17763114
ABBV,11/8/2016,58.8,59.605,58.0316,58.81,9353242,0,1,57.61632351,58.40511842,56.86339183,57.62612221,9353242
ABBV,11/9/2016,64.1,64.695,60.41,62.64,18693998,0,1,62.80963158,63.3926539,59.19391332,61.37902219,18693998
ABBV,11/10/2016,63.06,65.05,62.79,64,15948718,0,1,61.79056736,63.74050756,61.52600261,62.71164464,15948718
ABBV,11/11/2016,63.54,63.85,62.79,63.1,10201578,0,1,62.26090469,62.56466422,61.52600261,61.82976214,10201578
ABBV,11/14/2016,63.4,63.64,62.251,62.97,8315696,0,1,62.12372297,62.35889164,60.99785297,61.70237911,8315696
ABBV,11/15/2016,63.39,63.39,61.98,62.87,5610308,0,1,62.11392428,62.11392428,60.73230835,61.60439216,5610308
ABBV,11/16/2016,62.67,62.97,61.42,61.54,6570990,0,1,61.40841827,61.70237911,60.18358146,60.3011658,6570990
ABBV,11/17/2016,61.75,61.99,61.13,61.7,4879527,0,1,60.50693838,60.74210705,59.89941932,60.45794491,4879527
ABBV,11/18/2016,61.65,62.1426,60.39,60.52,7023246,0,1,60.40895144,60.89163513,59.17431593,59.30169896,7023246
ABBV,11/21/2016,60.7,60.8,60.2,60.42,6328304,0,1,59.47807546,59.57606241,58.98814074,59.20371202,6328304
ABBV,11/22/2016,60.49,60.56,58.61,58.93,8516828,0,1,59.27230288,59.34089374,57.43014832,57.74370654,8516828
ABBV,11/23/2016,58.81,60.38,58.6,60.18,5580284,0,1,57.62612221,59.16451724,57.42034962,58.96854335,5580284
ABBV,11/25/2016,60.04,60.67,59.67,60.51,2942309,0,1,58.83136163,59.44867938,58.46880993,59.29190027,2942309
ABBV,11/28/2016,59.13,59.94,59.01,59.46,6274639,0,1,57.93968043,58.73337468,57.8220961,58.26303735,6274639
ABBV,11/29/2016,59.7,62.1,59.52,61.59,11858682,0,1,58.49820601,60.84989269,58.32182951,60.35015927,11858682
ABBV,11/30/2016,61.63,61.84,60.63,60.8,9025182,0,1,60.38935405,60.59512663,59.4094846,59.57606241,9025182
ABBV,12/1/2016,60.83,60.83,58.75,59.16,8266058,0,1,59.60545849,59.60545849,57.56733004,57.96907651,8266058
ABBV,12/2/2016,59.19,60,58.95,59.43,8020668,0,1,57.9984726,58.79216685,57.76330393,58.23364126,8020668
ABBV,12/5/2016,59.6,61.22,59.57,60.86,10227657,0,1,58.40021907,59.98760757,58.37082299,59.63485457,10227657
ABBV,12/6/2016,60.76,61.72,60.33,61.62,7610418,0,1,59.53686763,60.4775423,59.11552377,60.37955535,7610418
ABBV,12/7/2016,60.26,60.65,58.8,59.99,13095613,0,1,59.0469329,59.42908199,57.61632351,58.78236815,13095613
ABBV,12/8/2016,60.02,60.98,59.09,60.9,9192264,0,1,58.81176424,59.75243891,57.90048565,59.67404935,9192264
ABBV,12/9/2016,61.19,61.925,60.92,61.54,7102861,0,1,59.95821149,60.67841553,59.69364674,60.3011658,7102861
ABBV,12/12/2016,61.53,62.45,61.51,62.04,5984483,0,1,60.2913671,61.19284699,60.27176971,60.79110052,5984483
ABBV,12/13/2016,62.33,62.44,61.36,61.99,8599585,0,1,61.07526266,61.1830483,60.1247893,60.74210705,8599585
ABBV,12/14/2016,61.55,62.3,61.51,61.67,5115655,0,1,60.31096449,61.04586658,60.27176971,60.42854883,5115655
ABBV,12/15/2016,61.8,62.111,61.55,62.02,6416907,0,1,60.55593185,60.86067125,60.31096449,60.77150313,6416907
ABBV,12/16/2016,62.12,62.49,61.83,62.22,10555844,0,1,60.86949008,61.23204177,60.58532794,60.96747702,10555844
ABBV,12/19/2016,62.37,63.33,62.12,62.22,5964359,0,1,61.11445744,62.05513211,60.86949008,60.96747702,5964359
ABBV,12/20/2016,62.34,62.71,61.75,62.16,5751786,0,1,61.08506136,61.44761305,60.50693838,60.90868485,5751786
ABBV,12/21/2016,62.225,62.41,61.43,61.45,5498667,0,1,60.97237637,61.15365222,60.19338016,60.21297755,5498667
ABBV,12/22/2016,61.58,61.92,61.35,61.66,5625978,0,1,60.34036058,60.67351619,60.1149906,60.41875013,5625978
ABBV,12/23/2016,61.78,62.395,61.47,62.34,4798062,0,1,60.53633446,61.13895417,60.23257494,61.08506136,4798062
ABBV,12/27/2016,62.52,63.015,62.41,62.5,5396206,0,1,61.26143786,61.74647323,61.15365222,61.24184047,5396206
ABBV,12/28/2016,62.51,62.75,62.25,62.27,5190362,0,1,61.25163916,61.48680783,60.9968731,61.01647049,5190362
ABBV,12/29/2016,62.39,63.06,62.39,62.73,4990040,0,1,61.13405483,61.79056736,61.13405483,61.46721044,4990040
ABBV,12/30/2016,62.729,62.93,62.41,62.62,5998775,0,1,61.46623057,61.66318433,61.15365222,61.3594248,5998775
